{"vertices":[[0.5116279069767442,0.7674418604651163,0.46511627906976744],[0.7441860465116279,0.5348837209302325,0],[0.7441860465116279,1,0],[0.27906976744186046,1,0],[0.27906976744186046,0.5348837209302325,0]],"center":[0.5116279069767442,0.7674418604651163,0.09302325581395349],"triangles":[[0,1,2],[2,3,0],[3,4,0],[4,1,0],[2,1,4],[2,4,3]]}