{"vertices":[[0,0,0.37209302325581395],[0.2325581395348837,-0.2325581395348838,-0.09302325581395349],[0.2325581395348837,0.2325581395348837,-0.09302325581395349],[-0.23255813953488375,0.2325581395348837,-0.09302325581395349],[-0.23255813953488375,-0.2325581395348838,-0.09302325581395349]],"center":[0.5116279069767442,0.7674418604651163,0.09302325581395349],"triangles":[[0,1,2],[2,3,0],[3,4,0],[4,1,0],[2,1,4],[2,4,3]]}